Région,Année,Pluie_Annuelle_mm,Credit_intrant_ha_FCFA,Rdt_region_kg_ha,Superficie_ha,Temp_Moyenne_C,pH,Matiere_Organique_pourcent,Capacite_Retention_mm,Texture,Date_Semis_jour,Densite_plants_ha,Fertil_N_kg_ha,Fertil_P_kg_ha,Fertil_K_kg_ha,Nb_Traitements,Variete,Latitude,Longitude,proportion
Garoua,2000,907.0,135974.0,866.0,33684.0,28.6,6.4,1.42,125.3,argileux,137.0,67306.0,78.0,45.0,64.0,4.0,variete_B,9.475802971162732,13.964096038574,0.1359652482125649
Guider,2000,802.0,134410.0,772.0,29229.0,28.7,6.3,1.48,101.3,limono-argileux,151.0,62550.0,40.0,45.0,51.0,2.0,variete_B,9.58293312736172,14.116080315021486,0.1179826695168347
Kaélé,2000,771.0,145592.0,781.0,18519.0,28.3,7.1,1.37,81.2,argileux,151.0,61734.0,62.0,40.0,36.0,3.0,variete_B,9.308562858768465,13.944758303671945,0.0747518237634631
Maroua,2000,667.0,150571.0,715.0,44405.0,29.7,6.2,1.19,78.7,argileux,141.0,67859.0,35.0,33.0,37.0,4.0,variete_B,9.504894499853522,14.1321043595065,0.1792404953948149
Mayo Galké,2000,1042.0,123300.0,888.0,18606.0,28.0,6.9,1.92,108.4,argileux,139.0,65332.0,65.0,42.0,46.0,3.0,variete_A,9.513620028284814,13.68746996143836,0.0751029987009554
Ngong,2000,897.0,126825.0,913.0,26592.0,27.1,6.7,1.31,97.8,limono-argileux,142.0,63313.0,73.0,49.0,43.0,3.0,variete_B,9.284273757880314,13.60187619012165,0.1073384360666348
Tchatibali,2000,764.0,138762.0,646.0,14617.0,30.2,6.4,0.91,81.5,limono-argileux,136.0,74594.0,51.0,31.0,46.0,1.0,variete_A,9.44526108779922,13.911795433760574,0.0590014259922533
Touboro,2000,1208.0,148907.0,993.0,17412.0,27.5,6.8,1.78,94.0,limono-argileux,138.0,62136.0,44.0,52.0,68.0,2.0,variete_A,9.72315809172592,13.482720263169318,0.0702834254208877
Garoua,2001,908.0,136146.0,821.0,34400.0,28.5,6.3,1.5,109.1,sablo-argileux,150.0,59264.0,56.0,27.0,40.0,3.0,variete_B,9.454717169390804,13.961086818533325,0.1346160468589067
Guider,2001,764.0,147170.0,794.0,33809.0,28.6,6.7,1.7,106.7,limono-argileux,126.0,69038.0,63.0,43.0,38.0,2.0,variete_B,9.454561623868996,14.1374117661061,0.1323033118678133
Kaélé,2001,759.0,136056.0,795.0,19292.0,28.1,6.8,1.69,126.6,argileux,155.0,69959.0,55.0,28.0,51.0,3.0,variete_A,9.34819048168133,14.097678978215512,0.0754945574419194
Maroua,2001,728.0,143864.0,756.0,47176.0,30.1,6.7,1.54,70.4,sablo-argileux,129.0,68822.0,74.0,42.0,59.0,4.0,variete_A,9.59516670691264,14.019918665862646,0.1846118205411565
Mayo Galké,2001,1100.0,145941.0,993.0,16041.0,26.3,6.5,1.79,111.6,limono-argileux,142.0,64346.0,72.0,41.0,55.0,2.0,variete_B,9.4362268495047,13.933448021579348,0.0627725583623175
Ngong,2001,849.0,128298.0,678.0,24298.0,26.6,6.0,1.41,110.1,argileux,144.0,69669.0,47.0,32.0,22.0,3.0,variete_B,9.4166879085888,13.721626645835048,0.0950843228656312
Tchatibali,2001,775.0,132749.0,818.0,16957.0,27.4,6.5,1.27,112.0,limono-argileux,120.0,68660.0,69.0,53.0,44.0,2.0,variete_B,9.354626909316847,14.162817740184773,0.0663571019356535
Touboro,2001,1176.0,147878.0,1008.0,18214.0,26.1,6.7,1.87,98.1,sablo-argileux,146.0,60822.0,62.0,44.0,61.0,2.0,variete_B,9.456119547267322,14.113794571371928,0.0712760662060502
Garoua,2002,797.0,149427.0,820.0,30894.0,29.4,6.6,1.72,118.3,argileux,136.0,65487.0,56.0,32.0,41.0,5.0,variete_A,9.31771475043952,13.98170948573054,0.1273924353164538
Guider,2002,795.0,133978.0,753.0,33620.0,28.2,6.7,1.72,85.9,sablo-argileux,157.0,67741.0,39.0,32.0,37.0,1.0,variete_A,9.59800657985638,13.744635214590614,0.1386331868757422
Kaélé,2002,738.0,144774.0,761.0,20019.0,28.5,6.7,0.8,100.1,argileux,143.0,65288.0,60.0,30.0,60.0,2.0,variete_B,9.73536848457136,13.927455776661189,0.0825490115426972
Maroua,2002,727.0,140775.0,711.0,42643.0,30.6,6.4,1.19,90.5,sablo-argileux,145.0,58795.0,63.0,28.0,55.0,3.0,variete_A,9.086818308045032,14.161016035419168,0.1758398271249932
Mayo Galké,2002,1072.0,136146.0,888.0,19585.0,28.0,6.4,1.41,111.1,sablo-argileux,154.0,69950.0,56.0,33.0,55.0,2.0,variete_A,9.6887269207841,13.988769953550804,0.0807593981249676
Ngong,2002,935.0,134019.0,878.0,23892.0,27.9,6.4,1.56,104.0,limono-argileux,124.0,61850.0,42.0,38.0,48.0,3.0,variete_B,9.751917369026865,13.941157977809482,0.0985194557059855
Tchatibali,2002,777.0,147180.0,703.0,15115.0,28.6,6.4,0.94,92.7,sablo-argileux,151.0,65516.0,62.0,42.0,46.0,2.0,variete_A,9.398370513723584,13.642224449747689,0.0623272046289959
Touboro,2002,1184.0,155385.0,946.0,15835.0,28.2,6.9,1.97,151.5,limono-argileux,137.0,57095.0,67.0,25.0,62.0,2.0,variete_A,9.166266870924442,14.13457349138183,0.0652961485478101
Garoua,2003,896.0,150991.0,927.0,33670.0,27.2,6.6,1.78,99.8,limono-argileux,131.0,64565.0,86.0,33.0,34.0,3.0,variete_B,9.365370158860902,14.11046605155765,0.1318262774757166
Guider,2003,812.0,135171.0,768.0,28441.0,27.0,6.6,1.16,110.5,argileux,132.0,63298.0,54.0,30.0,35.0,2.0,variete_B,9.50593618676234,14.044415173101996,0.1113534647367644
Kaélé,2003,778.0,144614.0,751.0,20300.0,28.6,6.7,1.78,116.1,argileux,152.0,63236.0,61.0,32.0,42.0,1.0,variete_B,9.387651650355227,13.981724227437637,0.0794794604323447
Maroua,2003,738.0,160171.0,753.0,46810.0,27.8,6.4,1.22,60.0,argileux,145.0,68273.0,71.0,35.0,55.0,4.0,variete_A,9.341291725109029,13.915735626896732,0.1832725883171457
Mayo Galké,2003,1118.0,133631.0,983.0,19055.0,27.6,6.8,1.93,115.6,limono-argileux,144.0,72450.0,59.0,32.0,51.0,1.0,variete_B,9.604518271588493,13.838742559112216,0.0746049812087847
Ngong,2003,885.0,141947.0,841.0,24715.0,27.8,6.5,1.21,100.2,sablo-argileux,142.0,64727.0,61.0,50.0,53.0,4.0,variete_A,9.6745400246613,14.19376105755981,0.0967652642652906
Tchatibali,2003,727.0,141377.0,731.0,16091.0,29.2,6.4,1.11,87.0,argileux,137.0,63328.0,54.0,29.0,51.0,3.0,variete_A,9.357040452169766,14.036508843183784,0.0630001969367911
Touboro,2003,1257.0,145641.0,1051.0,19484.0,28.5,6.9,1.68,119.9,sablo-argileux,124.0,63360.0,63.0,44.0,53.0,3.0,variete_B,9.498145385370712,13.984459003085018,0.0762846210376258
Garoua,2004,848.0,151861.0,901.0,31838.0,28.5,6.9,1.42,101.0,sablo-argileux,140.0,66885.0,73.0,25.0,77.0,4.0,variete_B,9.358170593343695,13.839568855083405,0.1266044891149187
Guider,2004,815.0,144305.0,841.0,30875.0,28.1,6.7,1.41,107.3,argileux,140.0,61482.0,67.0,36.0,52.0,3.0,variete_A,9.462244265612991,14.004794045010202,0.1227750989830742
Kaélé,2004,757.0,146730.0,758.0,20023.0,29.1,6.9,1.2,103.4,sablo-argileux,162.0,62413.0,68.0,48.0,61.0,1.0,variete_B,9.57278742712645,13.743891995216233,0.0796218884838249
Maroua,2004,706.0,152992.0,653.0,46405.0,28.4,6.2,0.85,95.6,sablo-argileux,148.0,69566.0,47.0,33.0,47.0,3.0,variete_B,9.631138383677015,14.2854734140369,0.1845304767063825
Mayo Galké,2004,1063.0,146553.0,948.0,17607.0,28.3,6.9,1.56,116.4,limono-argileux,139.0,61960.0,69.0,44.0,46.0,3.0,variete_B,9.988338883073697,14.046717174906629,0.0700146127221048
Ngong,2004,882.0,148879.0,781.0,25061.0,28.1,6.6,1.85,100.9,sablo-argileux,148.0,55479.0,55.0,31.0,62.0,2.0,variete_A,9.40792820148864,14.285569764243904,0.099655603420723
Tchatibali,2004,752.0,139682.0,754.0,14349.0,29.4,6.2,1.4,85.3,limono-argileux,135.0,67084.0,49.0,34.0,51.0,2.0,variete_B,9.294073858261587,13.878836430320792,0.0570591059209111
Touboro,2004,1226.0,142171.0,981.0,16937.0,27.6,6.7,2.09,110.3,sablo-argileux,154.0,68943.0,53.0,26.0,48.0,3.0,variete_B,9.385198464535897,14.201844320658914,0.0673503433676543
Garoua,2005,823.0,144325.0,809.0,31461.0,29.1,6.6,1.42,117.5,limono-argileux,130.0,61619.0,46.0,43.0,44.0,3.0,variete_B,9.656069969599804,14.215747825667124,0.1241493979626295
Guider,2005,835.0,134733.0,809.0,29734.0,28.2,6.4,1.43,123.9,sablo-argileux,139.0,70470.0,73.0,35.0,61.0,1.0,variete_A,9.550384442823558,14.031044879683543,0.1173344203623796
Kaélé,2005,772.0,137192.0,733.0,16997.0,27.3,6.6,1.2,85.6,sablo-argileux,141.0,60016.0,52.0,37.0,38.0,3.0,variete_B,9.643079230279731,14.0694485333248,0.0670724807593787
Maroua,2005,717.0,147381.0,721.0,44337.0,29.2,6.3,1.28,64.5,limono-argileux,129.0,66523.0,58.0,38.0,55.0,3.0,variete_A,9.746650267793171,13.89765236523163,0.1749598505282446
Mayo Galké,2005,1146.0,145784.0,970.0,17152.0,27.1,6.7,2.1,134.3,limono-argileux,163.0,65982.0,56.0,29.0,21.0,3.0,variete_B,9.391782873360247,14.06834178359143,0.0676841319047398
Ngong,2005,975.0,148410.0,812.0,29763.0,27.9,6.1,1.5,107.0,argileux,146.0,58192.0,45.0,44.0,27.0,1.0,variete_B,9.697276274160943,14.247122537920156,0.1174488583186084
Tchatibali,2005,660.0,135673.0,687.0,15576.0,30.3,6.0,1.05,62.7,limono-argileux,135.0,65809.0,47.0,37.0,48.0,2.0,variete_B,9.269801207431849,13.769704138481694,0.0614650209041644
Touboro,2005,1216.0,154629.0,1010.0,16194.0,27.2,7.0,1.91,92.5,argileux,131.0,71703.0,70.0,37.0,79.0,1.0,variete_B,9.292709361656808,14.090091596504784,0.0639037332127657
Garoua,2006,884.0,141764.0,803.0,34645.0,28.3,6.5,1.45,85.1,limono-argileux,121.0,57953.0,44.0,62.0,45.0,2.0,variete_B,9.460082635155173,14.07201751555573,0.1340573474850994
Guider,2006,798.0,152943.0,769.0,33032.0,28.6,6.2,1.57,112.4,argileux,148.0,60268.0,55.0,31.0,39.0,3.0,variete_A,9.896463687576176,13.908870586424692,0.1278159128915516
Kaélé,2006,692.0,144540.0,743.0,18086.0,28.5,6.7,1.2,84.4,argileux,141.0,62574.0,90.0,49.0,48.0,1.0,variete_A,9.377370885857172,13.881168095174331,0.0699830043762594
Maroua,2006,704.0,140370.0,742.0,45776.0,30.1,6.6,1.4,112.2,sablo-argileux,148.0,65066.0,59.0,48.0,37.0,3.0,variete_B,9.578651638918176,14.215738823420368,0.1771282764750443
Mayo Galké,2006,1040.0,150672.0,861.0,18145.0,27.4,6.6,1.52,146.5,argileux,153.0,67711.0,42.0,34.0,46.0,2.0,variete_B,9.294305207584683,14.50249868203817,0.0702113023558126
Ngong,2006,914.0,144987.0,858.0,30478.0,26.2,6.7,1.78,120.5,argileux,147.0,62347.0,69.0,41.0,46.0,1.0,variete_A,9.9289886829315,13.844454188065292,0.1179333189969941
Tchatibali,2006,790.0,139778.0,666.0,15620.0,27.8,6.0,1.32,82.3,sablo-argileux,137.0,71998.0,57.0,37.0,49.0,1.0,variete_A,9.763977080350251,13.92544449323968,0.0604409227223914
Touboro,2006,1115.0,155000.0,924.0,16972.0,27.2,6.8,2.04,109.1,argileux,142.0,67288.0,58.0,36.0,61.0,2.0,variete_A,9.592540134013888,14.068229238715512,0.0656724289657124
Garoua,2007,815.0,156044.0,835.0,32245.0,28.1,6.5,1.65,114.1,argileux,147.0,67450.0,80.0,39.0,42.0,3.0,variete_A,9.432682503619947,13.75709890436865,0.1349013461999667
Guider,2007,830.0,132496.0,743.0,31612.0,28.9,6.6,1.81,80.9,limono-argileux,152.0,62232.0,51.0,32.0,39.0,1.0,variete_A,9.364668471674618,14.10684824714876,0.1322531045456147
Kaélé,2007,803.0,155389.0,812.0,21985.0,28.1,6.7,1.38,99.6,limono-argileux,130.0,63948.0,65.0,38.0,56.0,3.0,variete_A,9.59508504774858,13.978591638872675,0.0919772397644989
Maroua,2007,712.0,155817.0,789.0,47941.0,29.5,6.4,1.41,109.1,sablo-argileux,120.0,63664.0,53.0,45.0,62.0,1.0,variete_A,9.344825842466149,13.917017079162708,0.2005676985012437
Mayo Galké,2007,1087.0,148337.0,874.0,16592.0,27.2,7.1,1.83,117.2,argileux,134.0,67498.0,41.0,39.0,46.0,3.0,variete_A,9.694547078182568,13.9948559983819,0.069414890251197
Ngong,2007,858.0,143937.0,793.0,26402.0,26.8,6.3,1.31,96.8,sablo-argileux,131.0,70525.0,46.0,41.0,60.0,3.0,variete_B,9.328676550024165,14.047424686676797,0.1104563604394951
Tchatibali,2007,686.0,143890.0,742.0,11883.0,29.0,6.6,1.56,60.6,sablo-argileux,134.0,65359.0,41.0,51.0,38.0,3.0,variete_B,9.71945471455604,13.897573467862424,0.0497141478335929
Touboro,2007,1192.0,166663.0,919.0,19346.0,25.7,6.8,1.96,111.1,sablo-argileux,163.0,62679.0,52.0,34.0,39.0,3.0,variete_B,9.417013625203284,14.02983734972936,0.0809366240838752
Garoua,2008,829.0,146025.0,816.0,32905.0,28.1,6.6,1.67,108.2,sablo-argileux,140.0,63922.0,47.0,50.0,57.0,2.0,variete_B,9.200758303992124,14.210255754301546,0.139410849875529
Guider,2008,863.0,153296.0,843.0,28988.0,28.7,6.5,1.13,126.2,sablo-argileux,124.0,67236.0,56.0,39.0,39.0,2.0,variete_A,9.382999686229564,13.931898176165223,0.1228154297581472
Kaélé,2008,767.0,143446.0,805.0,18446.0,29.0,6.7,1.34,97.3,argileux,140.0,60820.0,47.0,51.0,49.0,4.0,variete_B,9.233839005499537,14.03924944750994,0.0781514218752168
Maroua,2008,661.0,159655.0,655.0,47334.0,29.2,6.7,1.36,104.3,sablo-argileux,146.0,67256.0,47.0,48.0,57.0,2.0,variete_A,9.772806362679573,14.001335785044574,0.2005431748369029
Mayo Galké,2008,1020.0,146061.0,980.0,17076.0,26.1,6.9,1.29,121.3,argileux,126.0,56897.0,61.0,48.0,51.0,2.0,variete_B,9.945440454938923,13.825306617545982,0.0723470497636995
Ngong,2008,945.0,149583.0,833.0,26722.0,28.9,6.3,1.87,110.0,limono-argileux,141.0,64217.0,49.0,46.0,47.0,3.0,variete_B,9.827223031873034,14.336833107860002,0.1132149135503384
Tchatibali,2008,755.0,143694.0,775.0,15717.0,27.7,6.6,1.03,76.1,argileux,130.0,67786.0,62.0,43.0,56.0,3.0,variete_A,9.35614449096473,14.207549477711847,0.066589282099793
Touboro,2008,1194.0,163883.0,991.0,15660.0,27.2,6.8,1.78,140.8,sablo-argileux,141.0,66112.0,57.0,31.0,33.0,2.0,variete_B,9.24789117373977,13.790426541266422,0.0663477863258102
Garoua,2009,823.0,143963.0,789.0,29938.0,27.9,6.4,1.62,83.2,sablo-argileux,130.0,63644.0,72.0,37.0,45.0,1.0,variete_A,9.643935071684757,13.811249456637624,0.1304004200620118
Guider,2009,836.0,152718.0,855.0,32809.0,27.7,6.5,1.3,107.7,limono-argileux,151.0,64784.0,54.0,44.0,63.0,2.0,variete_B,9.44924772614702,13.747086070351742,0.142905584267972
Kaélé,2009,747.0,143925.0,767.0,20871.0,30.1,6.8,1.21,99.5,argileux,142.0,68011.0,65.0,48.0,49.0,2.0,variete_A,9.67961350781389,14.446808277641994,0.090907447628908
Maroua,2009,704.0,147280.0,781.0,46467.0,30.2,6.6,1.66,121.1,sablo-argileux,151.0,66548.0,54.0,53.0,50.0,4.0,variete_A,9.371930930945725,13.875468615359484,0.2023954946563399
Mayo Galké,2009,1165.0,155751.0,981.0,15974.0,28.7,6.8,1.84,122.7,limono-argileux,145.0,56470.0,61.0,44.0,60.0,1.0,variete_B,9.791550074729717,14.144928264172124,0.0695776708554538
Ngong,2009,914.0,140635.0,885.0,25167.0,28.5,6.5,1.43,111.5,limono-argileux,147.0,65913.0,73.0,37.0,44.0,3.0,variete_B,9.65824835549111,14.121752294818272,0.1096194592725182
Tchatibali,2009,785.0,136148.0,714.0,15219.0,28.6,6.4,0.86,92.5,limono-argileux,143.0,71296.0,60.0,42.0,58.0,2.0,variete_B,9.877167464036766,13.864781967597226,0.0662891306341024
Touboro,2009,1111.0,163196.0,973.0,15075.0,25.7,6.7,1.89,119.0,argileux,153.0,63926.0,55.0,44.0,46.0,3.0,variete_A,9.44561486888385,14.285771772891929,0.0656619123667188
Garoua,2010,820.0,141411.0,787.0,36583.0,27.1,6.3,1.5,102.7,limono-argileux,144.0,63994.0,61.0,30.0,52.0,2.0,variete_B,9.800860171825484,13.950379779330213,0.1506803795985694
Guider,2010,868.0,141369.0,838.0,31996.0,27.8,6.5,1.56,106.8,sablo-argileux,126.0,69476.0,56.0,22.0,36.0,3.0,variete_B,9.58889550975335,13.842492842890737,0.1317871532032864
Kaélé,2010,791.0,145701.0,704.0,19066.0,28.9,6.7,1.29,91.3,limono-argileux,145.0,54514.0,44.0,32.0,53.0,2.0,variete_A,9.077887102871456,14.202377305573297,0.0785302494991204
Maroua,2010,739.0,162900.0,783.0,47586.0,31.1,6.6,1.26,82.9,limono-argileux,150.0,66250.0,61.0,34.0,62.0,2.0,variete_A,9.548352523085727,13.970056693179671,0.1960002335395545
Mayo Galké,2010,1159.0,150821.0,990.0,17863.0,28.5,7.2,1.59,90.3,limono-argileux,136.0,66137.0,77.0,38.0,51.0,2.0,variete_A,9.474253397758517,14.185853840831893,0.0735752568343013
Ngong,2010,888.0,161051.0,791.0,26128.0,26.5,6.3,1.52,92.9,argileux,138.0,61810.0,48.0,35.0,39.0,3.0,variete_A,9.429974076474116,14.242953582753024,0.1076176627983331
Tchatibali,2010,775.0,139544.0,781.0,13563.0,28.4,6.2,1.16,88.8,limono-argileux,136.0,63748.0,54.0,33.0,60.0,4.0,variete_A,9.640308737494154,14.291217166162369,0.0558641442335346
Touboro,2010,1237.0,168238.0,997.0,17845.0,26.8,6.6,1.61,90.9,argileux,149.0,59547.0,61.0,47.0,60.0,3.0,variete_A,9.53391959695575,14.20593378784332,0.0735011172931818
Garoua,2011,782.0,166374.0,843.0,32767.0,28.3,6.8,1.55,115.9,argileux,143.0,68345.0,65.0,36.0,64.0,3.0,variete_B,9.759759678651646,13.715283737702125,0.1408056695262961
Guider,2011,788.0,139507.0,825.0,31596.0,27.3,6.6,1.81,115.2,limono-argileux,139.0,70070.0,50.0,41.0,56.0,2.0,variete_B,9.552274485162602,14.206864022456276,0.1357736727302729
Kaélé,2011,791.0,151343.0,818.0,18734.0,28.9,6.7,1.23,93.1,limono-argileux,141.0,63848.0,70.0,43.0,53.0,1.0,variete_B,8.968451286885664,14.1518279867642,0.080503354378052
Maroua,2011,631.0,141887.0,755.0,43022.0,29.1,6.5,1.19,89.7,sablo-argileux,145.0,63604.0,64.0,31.0,46.0,3.0,variete_A,9.319411136942048,13.896249767264331,0.1848732418091468
Mayo Galké,2011,1124.0,164146.0,926.0,18851.0,27.2,6.9,1.66,133.9,sablo-argileux,146.0,62957.0,63.0,38.0,57.0,2.0,variete_A,9.237354215187814,14.246744925006128,0.0810061243397384
Ngong,2011,894.0,139350.0,824.0,23164.0,27.9,6.5,1.57,90.4,argileux,135.0,66142.0,62.0,56.0,43.0,3.0,variete_A,9.671318085334317,14.1408630338585,0.099539858055578
Tchatibali,2011,786.0,141471.0,796.0,13803.0,27.9,6.3,0.84,90.2,sablo-argileux,130.0,65633.0,74.0,49.0,52.0,2.0,variete_B,9.056655954206844,14.190967853920322,0.0593139639415102
Touboro,2011,1144.0,160114.0,913.0,17274.0,27.8,6.8,1.88,133.2,sablo-argileux,136.0,60725.0,53.0,53.0,59.0,3.0,variete_B,9.53315348571899,13.819103759845683,0.0742294728048719
Garoua,2012,833.0,146324.0,762.0,32669.0,29.3,6.9,1.94,107.2,limono-argileux,137.0,68119.0,74.0,25.0,44.0,3.0,variete_A,9.485743057553083,14.282873338531092,0.1290240789128628
Guider,2012,840.0,145995.0,924.0,31212.0,28.9,6.7,1.39,102.0,limono-argileux,134.0,71678.0,88.0,35.0,45.0,5.0,variete_B,9.583829982043204,13.70464102409859,0.1232697527022031
Kaélé,2012,774.0,150834.0,825.0,20064.0,29.1,6.4,1.51,89.9,sablo-argileux,134.0,62137.0,77.0,36.0,59.0,3.0,variete_A,9.829205728442613,14.062444696079938,0.0792414557931886
Maroua,2012,721.0,143763.0,704.0,47763.0,29.2,6.3,1.34,114.1,sablo-argileux,145.0,71344.0,38.0,34.0,46.0,5.0,variete_A,9.454764297068955,14.061339467515548,0.1886368447493057
Mayo Galké,2012,1087.0,180316.0,925.0,17565.0,26.2,6.8,1.73,118.7,limono-argileux,123.0,68268.0,45.0,29.0,50.0,3.0,variete_B,9.161079948554304,14.235343866780887,0.0693718187304305
Ngong,2012,877.0,146428.0,812.0,26063.0,27.7,6.6,1.73,89.0,argileux,151.0,60469.0,52.0,35.0,54.0,1.0,variete_B,9.288886875897836,13.856806712215008,0.1029341139522466
Tchatibali,2012,725.0,154817.0,703.0,15830.0,28.6,6.2,1.16,75.3,argileux,150.0,66575.0,57.0,35.0,47.0,4.0,variete_B,9.2094772937172,13.923072341902945,0.0625195497012647
Touboro,2012,1233.0,167359.0,1045.0,18266.0,27.5,6.9,1.86,120.7,argileux,151.0,66050.0,68.0,45.0,40.0,2.0,variete_B,9.405727867455338,13.88614606706511,0.0721403723842894
Garoua,2013,880.0,160036.0,921.0,32727.0,26.6,6.3,1.88,99.1,sablo-argileux,131.0,62468.0,67.0,45.0,48.0,3.0,variete_A,9.58246574875483,14.155095175705014,0.1317095580282483
Guider,2013,789.0,150783.0,835.0,28558.0,27.1,6.6,1.2,81.6,limono-argileux,143.0,74482.0,60.0,38.0,68.0,2.0,variete_A,9.706864222636002,13.853266271276372,0.1149314498172981
Kaélé,2013,798.0,158314.0,768.0,19215.0,28.3,7.0,1.36,99.2,argileux,149.0,60905.0,71.0,47.0,36.0,2.0,variete_A,9.315692545816404,13.983136415991924,0.0773306186791576
Maroua,2013,696.0,155323.0,709.0,43527.0,29.8,6.4,1.12,80.2,argileux,150.0,62006.0,51.0,51.0,64.0,3.0,variete_A,9.399327141688392,13.86796063545051,0.1751740743818732
Mayo Galké,2013,1026.0,155939.0,971.0,20345.0,26.2,7.3,1.91,135.0,limono-argileux,147.0,65532.0,74.0,46.0,20.0,4.0,variete_B,9.693918737443449,13.830366560460208,0.0818782949272683
Ngong,2013,930.0,160384.0,927.0,23120.0,28.3,6.4,1.71,96.5,argileux,132.0,63579.0,63.0,37.0,53.0,4.0,variete_B,9.785860718446097,14.185404100940035,0.093046260934797
Tchatibali,2013,707.0,148773.0,696.0,17290.0,29.1,6.4,1.19,88.7,limono-argileux,147.0,68233.0,64.0,35.0,46.0,1.0,variete_B,9.820003592982829,14.028169640034704,0.0695834710883494
Touboro,2013,1123.0,176409.0,987.0,16960.0,24.9,7.0,1.6,101.1,sablo-argileux,145.0,73787.0,71.0,53.0,53.0,2.0,variete_B,9.482141319835804,13.797930418350717,0.0682553886442109
Garoua,2014,878.0,157322.0,762.0,37402.0,27.6,6.3,1.37,62.5,sablo-argileux,135.0,64046.0,41.0,28.0,46.0,3.0,variete_B,9.341738750526936,14.36601576183444,0.1467025558807811
Guider,2014,788.0,147200.0,752.0,30882.0,28.9,6.7,1.25,110.6,argileux,135.0,69775.0,68.0,31.0,38.0,3.0,variete_B,9.42885890241509,14.128671869974117,0.1211290393751746
Kaélé,2014,787.0,164667.0,698.0,19624.0,29.6,6.2,1.59,86.8,limono-argileux,157.0,67686.0,64.0,22.0,47.0,2.0,variete_A,9.323065314539198,14.340954400447131,0.0769715778996965
Maroua,2014,747.0,155489.0,768.0,43363.0,30.2,6.5,1.63,76.9,sablo-argileux,142.0,65536.0,52.0,46.0,41.0,4.0,variete_B,9.502894529058253,14.158575672009803,0.1700834963546952
Mayo Galké,2014,1124.0,162700.0,873.0,19463.0,27.5,6.5,1.98,96.2,argileux,134.0,66971.0,40.0,37.0,31.0,1.0,variete_B,9.67637710986385,13.853936101627797,0.0763400846240212
Ngong,2014,841.0,159650.0,754.0,26335.0,28.8,6.4,1.31,104.1,limono-argileux,130.0,61307.0,54.0,42.0,57.0,3.0,variete_B,9.552585294550886,14.040490681685158,0.1032942572354518
Tchatibali,2014,788.0,142739.0,849.0,15776.0,28.8,6.0,1.19,90.1,sablo-argileux,132.0,67568.0,67.0,45.0,43.0,3.0,variete_B,9.713502252700106,13.719649141978438,0.0618784963792097
Touboro,2014,1170.0,168865.0,962.0,14872.0,26.6,7.0,2.15,130.8,sablo-argileux,126.0,61748.0,54.0,24.0,52.0,1.0,variete_A,9.548122237174768,13.771650028624627,0.0583327204710704
Garoua,2015,855.0,153563.0,849.0,33644.0,28.8,6.4,1.36,93.9,limono-argileux,130.0,65488.0,50.0,44.0,45.0,3.0,variete_A,9.425398855833937,14.0602692628844,0.1312202392124991
Guider,2015,834.0,170547.0,826.0,32993.0,27.6,6.7,1.12,112.8,sablo-argileux,136.0,59334.0,56.0,50.0,48.0,2.0,variete_B,9.667146758194338,14.229371344484894,0.1286811720466646
Kaélé,2015,851.0,140387.0,907.0,18699.0,27.2,6.8,1.57,98.3,limono-argileux,126.0,60852.0,58.0,53.0,44.0,3.0,variete_A,9.526775479525528,14.330161664157473,0.0729309015882333
Maroua,2015,690.0,165710.0,695.0,44625.0,29.4,6.4,1.27,93.3,argileux,156.0,66574.0,78.0,38.0,30.0,1.0,variete_B,9.522799533017231,13.983276805603278,0.1740489589483347
Mayo Galké,2015,1058.0,161014.0,967.0,20287.0,27.7,6.7,1.56,115.0,limono-argileux,156.0,60001.0,77.0,39.0,55.0,4.0,variete_B,9.582025848982903,14.662806558228205,0.0791245093598849
Ngong,2015,867.0,163512.0,808.0,24661.0,27.6,6.4,1.29,94.9,limono-argileux,135.0,67329.0,67.0,27.0,54.0,3.0,variete_A,9.402606143281474,13.733137948049997,0.0961842325294091
Tchatibali,2015,704.0,163219.0,760.0,15212.0,28.3,6.4,1.36,127.9,sablo-argileux,143.0,65045.0,52.0,52.0,51.0,4.0,variete_A,9.74361633438384,13.950307653756331,0.0593307061853684
Touboro,2015,1146.0,163932.0,936.0,20630.0,26.5,6.8,2.01,108.7,limono-argileux,138.0,67942.0,41.0,45.0,36.0,2.0,variete_B,9.51288363339236,13.791470365984424,0.0804622974365074
Garoua,2016,912.0,171464.0,803.0,33751.0,29.3,6.4,1.36,104.5,sablo-argileux,154.0,68825.0,62.0,41.0,45.0,3.0,variete_B,9.727195476384312,13.66343552547222,0.1385878968718969
Guider,2016,825.0,166797.0,795.0,29998.0,30.0,6.5,1.58,108.5,limono-argileux,125.0,75742.0,67.0,23.0,48.0,1.0,variete_B,9.706861870035087,14.321610436319698,0.1231773793476686
Kaélé,2016,800.0,156707.0,785.0,19522.0,28.9,6.9,1.39,75.2,limono-argileux,133.0,64764.0,46.0,50.0,46.0,2.0,variete_B,9.454878206517238,14.17236813497036,0.0801609707188875
Maroua,2016,691.0,153454.0,736.0,45824.0,28.9,6.8,1.6,93.7,limono-argileux,139.0,64714.0,53.0,34.0,46.0,3.0,variete_A,9.370369512810926,13.714468355336352,0.1881618851665967
Mayo Galké,2016,1105.0,162211.0,872.0,20356.0,27.9,6.3,1.64,109.3,sablo-argileux,148.0,56762.0,66.0,41.0,35.0,2.0,variete_B,9.429706700772364,13.856747969570453,0.083585530168716
Ngong,2016,944.0,162601.0,903.0,23238.0,28.0,6.4,1.63,92.5,argileux,140.0,62783.0,56.0,45.0,63.0,2.0,variete_A,9.269427902309747,14.00574241691194,0.0954195593466605
Tchatibali,2016,689.0,153943.0,738.0,15793.0,30.1,6.2,1.06,95.9,sablo-argileux,120.0,59460.0,55.0,39.0,48.0,2.0,variete_B,9.4823990883149,14.097404623191691,0.0648490016680355
Touboro,2016,1225.0,159542.0,1121.0,13682.0,26.7,7.0,1.97,128.4,sablo-argileux,136.0,69885.0,80.0,40.0,45.0,3.0,variete_B,9.380161736942718,13.943861264790796,0.0561808421973065
Garoua,2017,896.0,154682.0,819.0,34019.0,27.5,6.8,1.56,100.7,sablo-argileux,156.0,58374.0,56.0,40.0,51.0,2.0,variete_A,9.532669333023868,14.105363308226606,0.139607941307129
Guider,2017,782.0,146430.0,866.0,24347.0,26.8,6.3,1.6,109.2,argileux,138.0,60264.0,66.0,40.0,77.0,2.0,variete_A,9.515490111941288,13.614121306984789,0.0999157690409674
Kaélé,2017,697.0,160973.0,736.0,18707.0,28.7,6.8,1.46,79.2,argileux,139.0,67629.0,80.0,35.0,45.0,3.0,variete_B,9.631483100682903,13.983255361861362,0.0767702095309228
Maroua,2017,673.0,135639.0,727.0,45218.0,29.3,6.0,1.12,80.7,sablo-argileux,142.0,60075.0,49.0,46.0,43.0,3.0,variete_A,9.304741101618376,13.73238415127694,0.185566650695957
Mayo Galké,2017,1069.0,144724.0,902.0,18585.0,27.4,6.7,2.04,113.6,sablo-argileux,135.0,63836.0,72.0,23.0,53.0,2.0,variete_A,9.94061229550751,14.357319176572808,0.0762695431727268
Ngong,2017,1011.0,165481.0,899.0,26602.0,27.9,6.3,1.47,78.4,sablo-argileux,148.0,71576.0,63.0,37.0,47.0,2.0,variete_B,9.398157359789336,14.015915804632607,0.1091698890223771
Tchatibali,2017,749.0,150560.0,754.0,17352.0,28.7,6.5,1.15,92.0,limono-argileux,129.0,63823.0,62.0,47.0,39.0,3.0,variete_B,9.08189578544576,14.009729282713463,0.0712095298968606
Touboro,2017,1174.0,163693.0,1072.0,17758.0,26.5,6.9,1.82,130.6,sablo-argileux,139.0,63481.0,66.0,31.0,59.0,3.0,variete_A,9.434817498931464,13.764972586784848,0.0728756818757752
Garoua,2018,853.0,167999.0,896.0,34451.0,28.0,6.8,1.69,105.7,limono-argileux,136.0,66445.0,75.0,52.0,54.0,2.0,variete_B,9.35490755987413,14.294734273279504,0.1374705102890897
Guider,2018,807.0,148185.0,760.0,32632.0,28.1,5.9,1.24,110.4,sablo-argileux,137.0,71019.0,56.0,45.0,55.0,2.0,variete_A,9.596097048239084,13.811846064107968,0.1302121184219202
Kaélé,2018,786.0,166540.0,885.0,13440.0,28.3,6.5,1.63,86.4,argileux,147.0,63640.0,59.0,35.0,39.0,5.0,variete_A,9.582302248477529,13.847322529529585,0.0536298992274641
Maroua,2018,725.0,163611.0,812.0,46245.0,30.6,6.6,1.3,102.4,sablo-argileux,135.0,57886.0,66.0,45.0,73.0,2.0,variete_B,9.483068320682923,14.306756650781956,0.1845323429891426
Mayo Galké,2018,1033.0,167856.0,865.0,16211.0,28.2,6.9,1.49,119.3,argileux,146.0,57829.0,53.0,33.0,56.0,2.0,variete_A,9.546865605129613,14.29342859707746,0.0646870756232455
Ngong,2018,797.0,160482.0,860.0,25693.0,27.4,6.5,1.27,108.0,argileux,144.0,65444.0,72.0,39.0,63.0,4.0,variete_A,9.925889519561087,13.679360009907368,0.1025232887538121
Tchatibali,2018,725.0,154955.0,788.0,16499.0,29.3,6.3,1.17,66.7,sablo-argileux,131.0,60634.0,58.0,44.0,56.0,4.0,variete_B,9.714385851791802,14.201952804285384,0.0658362877495483
Touboro,2018,1163.0,168458.0,957.0,19614.0,27.2,6.6,2.21,98.3,sablo-argileux,150.0,69723.0,57.0,57.0,27.0,2.0,variete_B,9.314691399987076,14.107602439926051,0.0782661341850804
Garoua,2019,826.0,161547.0,782.0,33568.0,28.8,6.4,1.66,127.5,sablo-argileux,145.0,60100.0,65.0,44.0,57.0,1.0,variete_B,9.897562605717216,14.491294970949642,0.1314608542390378
Guider,2019,823.0,153652.0,802.0,29271.0,29.7,6.3,1.66,95.6,sablo-argileux,139.0,61986.0,61.0,36.0,60.0,3.0,variete_A,9.545949879483798,14.445722206893006,0.1146327056849045
Kaélé,2019,811.0,157057.0,753.0,17833.0,28.1,6.8,1.18,130.9,sablo-argileux,156.0,60020.0,49.0,47.0,21.0,2.0,variete_A,9.699742381058348,14.044766508077895,0.0698385788144888
Maroua,2019,674.0,170958.0,690.0,46371.0,30.2,6.3,0.96,110.7,limono-argileux,141.0,69744.0,51.0,50.0,50.0,3.0,variete_B,9.57354804617462,13.897810289095926,0.1816006694446623
Mayo Galké,2019,1073.0,170945.0,970.0,19050.0,28.6,6.8,1.57,128.8,sablo-argileux,138.0,55753.0,62.0,42.0,49.0,2.0,variete_A,9.108649795382888,13.984625878453754,0.0746046613814844
Ngong,2019,836.0,156478.0,906.0,27558.0,27.1,6.7,1.72,109.9,limono-argileux,159.0,70113.0,71.0,46.0,64.0,2.0,variete_B,9.549058302578938,14.252787203844216,0.1079241605433569
Tchatibali,2019,858.0,154970.0,765.0,14616.0,29.1,6.4,1.26,70.2,argileux,140.0,65008.0,51.0,35.0,60.0,3.0,variete_B,9.328406789989586,14.130825156223294,0.057239985866235
Touboro,2019,1219.0,171236.0,1066.0,17041.0,25.6,7.2,1.92,110.1,sablo-argileux,138.0,67424.0,59.0,26.0,57.0,3.0,variete_A,9.65087678683011,13.691877619205073,0.0667369047035106
Garoua,2020,791.0,164944.0,842.0,34848.0,29.3,6.6,1.53,116.3,sablo-argileux,143.0,66749.0,66.0,41.0,39.0,3.0,variete_B,9.36231069057072,14.222199043596364,0.1337378704351057
Guider,2020,801.0,149037.0,818.0,31807.0,27.3,6.5,1.21,106.3,sablo-argileux,149.0,61813.0,70.0,35.0,57.0,3.0,variete_A,9.407457673386196,14.00229073073403,0.1220672763122534
Kaélé,2020,730.0,172998.0,821.0,18102.0,28.4,6.7,1.4,107.5,argileux,131.0,65720.0,58.0,41.0,48.0,4.0,variete_A,9.519435138891584,14.059848499165408,0.0694709289088695
Maroua,2020,668.0,152930.0,697.0,41925.0,30.1,6.7,1.25,98.6,sablo-argileux,120.0,71699.0,61.0,41.0,55.0,1.0,variete_A,9.560146076773508,14.213687046022404,0.1608976187440257
Mayo Galké,2020,1105.0,164251.0,950.0,18540.0,28.1,7.1,1.62,116.7,sablo-argileux,135.0,65874.0,47.0,29.0,49.0,1.0,variete_A,9.770127079867816,14.11449928907771,0.0711518628864457
Ngong,2020,863.0,167208.0,828.0,27583.0,28.5,6.3,1.31,103.4,limono-argileux,151.0,70327.0,60.0,26.0,56.0,3.0,variete_A,9.51262208755798,13.80866656990591,0.1058566253504224
Tchatibali,2020,768.0,150394.0,779.0,18639.0,28.8,6.2,1.5,93.3,limono-argileux,136.0,64890.0,48.0,38.0,59.0,4.0,variete_A,9.743390288354036,14.040304888626777,0.0715318000183636
Touboro,2020,1185.0,162700.0,921.0,18313.0,27.8,6.8,1.88,125.4,limono-argileux,142.0,68132.0,55.0,31.0,39.0,1.0,variete_B,9.068913520536874,14.088223044510409,0.0702806939071995
Garoua,2021,813.0,152550.0,812.0,32189.0,29.4,6.6,1.4,131.0,sablo-argileux,132.0,66607.0,54.0,35.0,71.0,1.0,variete_B,9.515710521732508,14.20963151034494,0.1275546141115291
Guider,2021,803.0,160168.0,749.0,30239.0,27.5,6.2,1.61,98.5,argileux,145.0,70269.0,59.0,36.0,40.0,2.0,variete_A,9.46260317136488,14.213747804801033,0.1198273937096066
Kaélé,2021,679.0,158917.0,854.0,16439.0,28.7,6.7,1.48,98.1,argileux,144.0,68008.0,69.0,40.0,40.0,5.0,variete_B,9.533408747954647,14.10636264528663,0.0651424493267708
Maroua,2021,761.0,176484.0,793.0,43695.0,29.7,6.5,1.37,115.0,sablo-argileux,136.0,56753.0,56.0,34.0,49.0,2.0,variete_A,9.715410245383891,14.06319229243101,0.1731491771600008
Mayo Galké,2021,1110.0,165075.0,1029.0,16297.0,28.4,7.1,1.78,127.4,sablo-argileux,128.0,71104.0,66.0,31.0,49.0,3.0,variete_B,9.546014232328073,14.232674062149696,0.0645797491744257
Ngong,2021,913.0,169497.0,825.0,29320.0,28.2,6.6,1.37,76.1,sablo-argileux,146.0,71329.0,72.0,25.0,43.0,4.0,variete_B,8.916780233259392,14.199987138665934,0.1161856934278801
Tchatibali,2021,800.0,159621.0,761.0,15385.0,29.1,6.2,1.23,83.6,limono-argileux,145.0,71450.0,66.0,26.0,35.0,3.0,variete_B,9.338708865540005,13.81709946873018,0.0609657876326035
Touboro,2021,1209.0,169476.0,1007.0,16799.0,26.8,7.0,1.78,117.4,sablo-argileux,158.0,65722.0,60.0,54.0,66.0,2.0,variete_B,9.63271410395728,14.01956970601372,0.0665690130932796
Garoua,2022,806.0,176678.0,787.0,36201.0,29.1,6.4,1.67,98.9,limono-argileux,145.0,72716.0,65.0,48.0,45.0,2.0,variete_B,9.358905960214944,14.001758949744133,0.139090963842055
Guider,2022,753.0,168145.0,792.0,35420.0,26.9,6.4,1.28,105.2,argileux,136.0,59001.0,50.0,36.0,46.0,2.0,variete_A,9.670549914867118,13.82351668974279,0.1360902168251039
Kaélé,2022,730.0,151498.0,746.0,19242.0,29.2,6.6,1.31,79.2,argileux,155.0,61964.0,73.0,42.0,51.0,3.0,variete_A,9.494176061803527,14.161136066438994,0.0739313368760206
Maroua,2022,692.0,161434.0,720.0,48493.0,28.3,6.2,1.23,123.2,limono-argileux,141.0,71498.0,51.0,34.0,49.0,3.0,variete_A,9.644269355224807,14.195600940869191,0.1863191102343243
Mayo Galké,2022,1092.0,172891.0,950.0,15735.0,27.5,6.9,1.56,116.5,argileux,134.0,61793.0,58.0,42.0,45.0,2.0,variete_B,9.662491277016985,14.0930112725971,0.0604567916923492
Ngong,2022,895.0,158349.0,905.0,21582.0,28.1,6.5,1.56,95.2,sablo-argileux,132.0,61207.0,65.0,35.0,57.0,3.0,variete_B,9.419818212525565,14.124387848384314,0.0829220513698304
Tchatibali,2022,751.0,149417.0,705.0,14829.0,27.9,6.6,1.37,72.5,limono-argileux,136.0,61829.0,55.0,31.0,58.0,2.0,variete_B,9.52915366348421,14.067490689003948,0.0569757714652588
Touboro,2022,1225.0,177689.0,1059.0,16605.0,26.2,7.1,1.81,125.6,limono-argileux,139.0,60117.0,50.0,50.0,58.0,2.0,variete_B,9.428320005789423,13.914996796532032,0.0637994932349195
Garoua,2023,865.0,171375.0,829.0,34488.0,29.2,7.0,1.37,111.8,sablo-argileux,124.0,57660.0,70.0,47.0,60.0,2.0,variete_A,9.384047790079403,14.35317105264122,0.1388483773545253
Guider,2023,766.0,149671.0,846.0,32871.0,28.4,6.5,1.9,102.7,argileux,132.0,67381.0,55.0,36.0,72.0,3.0,variete_B,9.53741243305063,13.803411877833604,0.1323383499194097
Kaélé,2023,786.0,173396.0,813.0,20982.0,29.2,6.7,1.17,88.4,limono-argileux,147.0,68333.0,50.0,43.0,42.0,5.0,variete_B,9.690059829628671,13.942467147647356,0.0844733430077896
Maroua,2023,641.0,164132.0,735.0,44667.0,28.8,6.4,1.11,96.8,sablo-argileux,134.0,66756.0,54.0,38.0,56.0,1.0,variete_A,9.812685016084702,14.045344643774987,0.1798289396687133
Mayo Galké,2023,1059.0,170762.0,954.0,16665.0,28.2,6.8,1.78,127.7,sablo-argileux,140.0,72314.0,38.0,40.0,63.0,2.0,variete_B,9.297428925659354,13.728219719301318,0.0670931398925181
Ngong,2023,877.0,146600.0,870.0,23900.0,26.6,6.3,1.72,112.7,argileux,139.0,76036.0,68.0,46.0,70.0,1.0,variete_A,9.864814461250768,14.127877614286602,0.0962211847243434
Tchatibali,2023,641.0,162716.0,678.0,10939.0,28.3,6.4,0.95,85.3,limono-argileux,144.0,67515.0,61.0,41.0,40.0,1.0,variete_A,9.64820095377531,13.793619992996804,0.0440403154686022
Touboro,2023,1221.0,177712.0,1062.0,16204.0,28.0,7.3,1.58,87.6,limono-argileux,132.0,67767.0,61.0,46.0,49.0,3.0,variete_B,9.36742407986542,14.052780421513106,0.0652371580449063
Garoua,2024,825.0,173291.0,816.0,33538.0,27.7,6.6,1.89,119.4,sablo-argileux,144.0,68175.0,53.0,51.0,61.0,2.0,variete_A,9.357765024167126,14.243605792254222,0.1342930614317278
Guider,2024,803.0,162012.0,783.0,32256.0,27.6,6.7,1.5,95.8,limono-argileux,144.0,60927.0,64.0,34.0,50.0,1.0,variete_B,9.338835964268467,13.83459697093228,0.1291596693166502
Kaélé,2024,704.0,153834.0,779.0,18809.0,29.8,6.9,1.57,128.7,limono-argileux,122.0,66417.0,54.0,39.0,45.0,3.0,variete_A,9.284653173870662,13.819445380373535,0.0753151109925866
Maroua,2024,662.0,168547.0,664.0,46510.0,30.1,6.6,1.63,78.4,argileux,135.0,58747.0,59.0,45.0,39.0,1.0,variete_A,8.913094669791022,14.41916928087845,0.1862356218972408
Mayo Galké,2024,1107.0,169965.0,937.0,15879.0,26.4,6.9,1.85,124.7,limono-argileux,132.0,61801.0,32.0,40.0,49.0,1.0,variete_A,9.233712116179037,13.96527549598815,0.0635827873598427
Ngong,2024,919.0,153626.0,834.0,28298.0,27.4,6.6,1.99,82.9,argileux,154.0,65003.0,63.0,35.0,41.0,2.0,variete_A,9.48663228897617,14.210817464225258,0.113311021897401
Tchatibali,2024,715.0,161813.0,783.0,10955.0,27.2,6.9,1.25,117.6,argileux,128.0,65214.0,50.0,28.0,45.0,3.0,variete_A,9.415992989319296,13.99671867474999,0.0438660769272043
Touboro,2024,1237.0,187628.0,966.0,15563.0,27.9,6.8,1.81,99.8,limono-argileux,155.0,62859.0,59.0,39.0,44.0,2.0,variete_B,9.67961183701121,13.87189346007426,0.0623174582581543
Garoua,2025,846.0,172953.0,913.0,33111.0,27.6,6.5,1.83,123.1,sablo-argileux,145.0,75676.0,64.0,41.0,62.0,4.0,variete_B,9.200256526002203,13.97840942310494,0.1293640363407805
Guider,2025,851.0,163823.0,829.0,31242.0,28.0,6.8,1.6,77.6,argileux,145.0,66045.0,61.0,42.0,49.0,3.0,variete_A,9.384482682276785,14.25938993635596,0.1220618895037499
Kaélé,2025,708.0,164284.0,837.0,21006.0,28.5,6.7,1.77,126.0,limono-argileux,137.0,66615.0,63.0,52.0,36.0,2.0,variete_A,9.5343148065599,14.069158638269952,0.0820700355584076
Maroua,2025,728.0,177202.0,778.0,44609.0,29.1,6.5,1.56,102.8,sablo-argileux,136.0,60757.0,63.0,44.0,65.0,2.0,variete_B,9.481495306541747,14.181077941778073,0.1742864998678952
Mayo Galké,2025,1107.0,173348.0,1002.0,17697.0,26.7,6.7,1.57,126.2,limono-argileux,146.0,67486.0,65.0,37.0,49.0,4.0,variete_B,9.407826918080335,13.976818147710576,0.069141836583697
Ngong,2025,816.0,167355.0,773.0,27449.0,27.8,6.4,1.37,85.6,argileux,140.0,64421.0,39.0,54.0,50.0,2.0,variete_A,9.597672620759992,13.927966842880856,0.1072427118938746
Tchatibali,2025,718.0,165779.0,727.0,15785.0,29.5,6.1,0.97,127.0,argileux,152.0,66482.0,50.0,36.0,47.0,3.0,variete_B,9.53590025274472,14.102330380669468,0.0616716895786663
Touboro,2025,1159.0,188514.0,1021.0,15931.0,25.7,7.0,1.78,95.0,limono-argileux,141.0,69258.0,67.0,40.0,60.0,3.0,variete_A,9.727209344408994,13.93496887281372,0.0622421087537366
Garoua,2026,881.0,164971.0,774.0,31693.0,29.5,6.5,1.45,107.4,sablo-argileux,155.0,64372.0,45.0,25.0,40.0,3.0,variete_B,9.452111062890012,14.21217061812142,0.1305825623990059
Guider,2026,868.0,168613.0,784.0,30107.0,28.6,6.4,1.63,95.2,limono-argileux,138.0,65339.0,43.0,39.0,51.0,3.0,variete_B,9.7731612019495,14.09816720443549,0.1240478719637419
Kaélé,2026,850.0,159191.0,823.0,20063.0,27.5,6.7,1.39,91.3,sablo-argileux,145.0,65401.0,59.0,33.0,55.0,3.0,variete_B,9.534663596645885,13.880061723340164,0.0826642460294467
Maroua,2026,586.0,174176.0,602.0,44394.0,31.0,6.5,1.42,94.2,argileux,151.0,57110.0,35.0,34.0,27.0,2.0,variete_A,9.45765332628531,13.743134392497296,0.182913648917473
Mayo Galké,2026,999.0,189360.0,1058.0,18783.0,28.4,7.1,1.66,141.8,limono-argileux,147.0,74184.0,73.0,45.0,40.0,3.0,variete_B,9.663872648732196,14.24355423778841,0.0773903470652992
Ngong,2026,897.0,175843.0,800.0,23600.0,28.2,6.6,1.62,117.7,argileux,134.0,64832.0,48.0,32.0,34.0,3.0,variete_A,9.6425208367117,13.662706555059522,0.09723751215147
Tchatibali,2026,755.0,153049.0,825.0,11559.0,28.2,6.5,1.87,82.3,argileux,120.0,68398.0,75.0,43.0,71.0,3.0,variete_A,9.398669194531896,13.898193044124255,0.0476257797863916
Touboro,2026,1210.0,172530.0,1023.0,15926.0,27.9,6.8,1.59,109.3,sablo-argileux,135.0,69189.0,60.0,36.0,45.0,3.0,variete_A,9.84737697822493,14.11888299410403,0.0656188397679793
Poli,2000,1303.0,138042.625,821.8,12409.9375,28.5125,6.6,1.4225,96.025,argileux,141.875,65603.0,56.0,42.125,48.875,2.75,variete_B,9.9,13.2,0.0500926324809974
Homé,2000,1235.0,138042.625,821.8,12409.9375,28.5125,6.6,1.4225,96.025,argileux,141.875,65603.0,56.0,42.125,48.875,2.75,variete_B,10.2,13.8,0.0500926324809974
Poli,2001,1181.0,139762.75,832.9,12598.5,27.7125,6.525,1.59625,105.575,limono-argileux,139.0,66322.5,62.25,38.75,46.25,2.625,variete_B,9.9,13.2,0.0493011705334865
Homé,2001,1708.0,139762.75,832.9,12598.5,27.7125,6.525,1.59625,105.575,limono-argileux,139.0,66322.5,62.25,38.75,46.25,2.625,variete_B,10.2,13.8,0.0493011705334865
Poli,2002,1132.0,142710.5,807.5,11363.1875,28.675,6.5625,1.41375,106.7625,sablo-argileux,143.375,63965.25,55.625,32.5,50.5,2.5,variete_A,9.9,13.2,0.0468564811478761
Homé,2002,1435.0,142710.5,807.5,11363.1875,28.675,6.5625,1.41375,106.7625,sablo-argileux,143.375,63965.25,55.625,32.5,50.5,2.5,variete_A,10.2,13.8,0.0468564811478761
Poli,2003,1206.0,144192.875,850.6,13012.75,27.9625,6.6125,1.48375,101.1375,argileux,138.375,65404.625,63.625,35.625,46.75,2.625,variete_B,9.9,13.2,0.0509480959970933
Homé,2003,1183.0,144192.875,850.6,13012.75,27.9625,6.6125,1.48375,101.1375,argileux,138.375,65404.625,63.625,35.625,46.75,2.625,variete_B,10.2,13.8,0.0509480959970933
Poli,2004,949.0,146646.625,827.1,13439.1875,28.4375,6.6375,1.4725,102.525,sablo-argileux,145.75,64226.5,60.125,34.625,55.5,2.625,variete_B,9.9,13.2,0.053441217022335
Homé,2004,917.0,146646.625,827.1,13439.1875,28.4375,6.6375,1.4725,102.525,sablo-argileux,145.75,64226.5,60.125,34.625,55.5,2.625,variete_B,10.2,13.8,0.053441217022335
Poli,2005,1083.0,143515.875,818.9,14499.5625,28.2875,6.4625,1.48625,98.5,limono-argileux,139.25,65039.25,55.875,37.5,46.625,2.125,variete_B,9.9,13.2,0.0572172516797469
Homé,2005,1336.0,143515.875,818.9,14499.5625,28.2875,6.4625,1.48625,98.5,limono-argileux,139.25,65039.25,55.875,37.5,46.625,2.125,variete_B,10.2,13.8,0.0572172516797469
Poli,2006,1370.0,146256.75,795.8,12688.9375,28.0125,6.5125,1.535,106.5625,argileux,142.125,64400.625,59.25,42.25,46.375,1.875,variete_A,9.9,13.2,0.0490993015919817
Homé,2006,1076.0,146256.75,795.8,12688.9375,28.0125,6.5125,1.535,106.5625,argileux,142.125,64400.625,59.25,42.25,46.375,1.875,variete_A,10.2,13.8,0.0490993015919817
Poli,2007,1285.0,150321.625,813.4,8616.8125,27.9125,6.625,1.61375,98.675,sablo-argileux,138.875,65419.375,53.625,39.875,47.75,2.5,variete_A,9.9,13.2,0.0360496078834765
Homé,2007,1050.0,150321.625,813.4,8616.8125,27.9125,6.625,1.61375,98.675,sablo-argileux,138.875,65419.375,53.625,39.875,47.75,2.5,variete_A,10.2,13.8,0.0360496078834765
Poli,2008,1230.0,150705.375,837.2,9216.9375,28.1125,6.6375,1.43375,110.525,sablo-argileux,136.0,64280.75,53.25,44.5,48.625,2.5,variete_B,9.9,13.2,0.0390500255318229
Homé,2008,1086.0,150705.375,837.2,9216.9375,28.1125,6.6375,1.43375,110.525,sablo-argileux,136.0,64280.75,53.25,44.5,48.625,2.5,variete_B,10.2,13.8,0.0390500255318229
Poli,2009,1477.0,147952.0,843.1,7795.875,28.425,6.5875,1.47625,107.15,limono-argileux,145.25,65074.0,61.75,43.625,51.875,2.25,variete_A,9.9,13.2,0.0339563556266596
Homé,2009,1613.0,147952.0,843.1,7795.875,28.425,6.5875,1.47625,107.15,limono-argileux,145.25,65074.0,61.75,43.625,51.875,2.25,variete_A,10.2,13.8,0.0339563556266596
Poli,2010,1032.0,151379.375,833.9,8932.0625,28.1375,6.55,1.43625,93.325,limono-argileux,140.5,63184.5,57.75,33.875,51.625,2.625,variete_A,9.9,13.2,0.0367899452778106
Homé,2010,1368.0,151379.375,833.9,8932.0625,28.1375,6.55,1.43625,93.325,limono-argileux,140.5,63184.5,57.75,33.875,51.625,2.625,variete_A,10.2,13.8,0.0367899452778106
Poli,2011,892.0,150524.0,837.5,9305.5,28.05,6.6375,1.46625,107.7,sablo-argileux,139.375,65165.5,62.625,43.375,53.75,2.375,variete_B,9.9,13.2,0.0399874006707037
Homé,2011,1259.0,150524.0,837.5,9305.5,28.05,6.6375,1.46625,107.7,sablo-argileux,139.375,65165.5,62.625,43.375,53.75,2.375,variete_B,10.2,13.8,0.0399874006707037
Poli,2012,1783.0,154479.5,837.5,12158.0,28.3125,6.6,1.5825,102.1125,argileux,140.625,66830.0,62.375,34.25,48.125,3.25,variete_B,9.9,13.2,0.0480172258539467
Homé,2012,1518.0,154479.5,837.5,12158.0,28.3125,6.6,1.5825,102.1125,argileux,140.625,66830.0,62.375,34.25,48.125,3.25,variete_B,10.2,13.8,0.0480172258539467
Poli,2013,1170.0,158245.125,851.8,12982.375,27.5375,6.675,1.49625,97.675,argileux,143.0,66374.0,65.125,44.0,48.5,2.625,variete_A,9.9,13.2,0.0522474676385547
Homé,2013,1352.0,158245.125,851.8,12982.375,27.5375,6.675,1.49625,97.675,argileux,143.0,66374.0,65.125,44.0,48.5,2.625,variete_A,10.2,13.8,0.0522474676385547
Poli,2014,1280.0,157329.0,802.2,13120.625,28.5,6.45,1.55875,94.75,sablo-argileux,136.375,65579.625,55.0,34.375,44.375,2.5,variete_B,9.9,13.2,0.0514632699388608
Homé,2014,1336.0,157329.0,802.2,13120.625,28.5,6.45,1.55875,94.75,sablo-argileux,136.375,65579.625,55.0,34.375,44.375,2.5,variete_B,10.2,13.8,0.0514632699388608
Poli,2015,1112.0,160235.5,843.5,12678.4375,27.8875,6.575,1.4425,105.6,limono-argileux,140.0,64070.625,59.875,43.5,45.375,2.75,variete_A,9.9,13.2,0.0494491618591939
Homé,2015,1327.0,160235.5,843.5,12678.4375,27.8875,6.575,1.4425,105.6,limono-argileux,140.0,64070.625,59.875,43.5,45.375,2.75,variete_A,10.2,13.8,0.0494491618591939
Poli,2016,754.0,160839.875,844.1,11491.9375,28.725,6.5625,1.52875,101.0,sablo-argileux,136.875,65366.875,60.625,39.125,47.0,2.25,variete_B,9.9,13.2,0.0471880373650643
Homé,2016,1027.0,160839.875,844.1,11491.9375,28.725,6.5625,1.52875,101.0,sablo-argileux,136.875,65366.875,60.625,39.125,47.0,2.25,variete_B,10.2,13.8,0.0471880373650643
Poli,2017,1235.0,152772.75,846.9,11413.125,27.85,6.5375,1.5275,98.05,sablo-argileux,140.75,63632.25,64.25,37.375,51.75,2.5,variete_A,9.9,13.2,0.046837440404801
Homé,2017,1461.0,152772.75,846.9,11413.125,27.85,6.5375,1.5275,98.05,sablo-argileux,140.75,63632.25,64.25,37.375,51.75,2.5,variete_A,10.2,13.8,0.046837440404801
Poli,2018,1161.0,162260.75,852.9,12728.1875,28.3875,6.5125,1.5,99.65,sablo-argileux,140.75,64077.5,62.0,43.75,52.875,2.875,variete_A,9.9,13.2,0.0507895396557491
Homé,2018,1111.0,162260.75,852.9,12728.1875,28.3875,6.5125,1.5,99.65,sablo-argileux,140.75,64077.5,62.0,43.75,52.875,2.875,variete_A,10.2,13.8,0.0507895396557491
Poli,2019,1438.0,162105.375,841.8,13899.4375,28.4,6.6125,1.49125,110.4625,sablo-argileux,144.5,63768.5,58.625,40.75,52.25,2.375,variete_A,9.9,13.2,0.0544337442561998
Homé,2019,1860.0,162105.375,841.8,13899.4375,28.4,6.6125,1.49125,110.4625,sablo-argileux,144.5,63768.5,58.625,40.75,52.25,2.375,variete_A,10.2,13.8,0.0544337442561998
Poli,2020,909.0,160557.75,832.0,14114.5625,28.5375,6.6125,1.4625,108.4375,sablo-argileux,138.375,66900.5,58.125,35.25,50.25,2.5,variete_A,9.9,13.2,0.0541681453992539
Homé,2020,917.0,160557.75,832.0,14114.5625,28.5375,6.6125,1.4625,108.4375,sablo-argileux,138.375,66900.5,58.125,35.25,50.25,2.5,variete_A,10.2,13.8,0.0541681453992539
Poli,2021,1122.0,163973.5,853.8,14442.125,28.475,6.6125,1.5025,105.8875,sablo-argileux,141.75,67655.25,62.75,35.125,49.125,2.75,variete_B,9.9,13.2,0.0572294784344175
Homé,2021,1407.0,163973.5,853.8,14442.125,28.475,6.6125,1.5025,105.8875,sablo-argileux,141.75,67655.25,62.75,35.125,49.125,2.75,variete_B,10.2,13.8,0.0572294784344175
Poli,2022,,164512.625,833.0,14489.3125,27.9,6.5875,1.47375,102.0375,limono-argileux,139.75,63765.625,58.375,39.75,51.125,2.375,variete_B,9.9,13.2,0.0556706290167049
Homé,2022,,164512.625,833.0,14489.3125,27.9,6.5875,1.47375,102.0375,limono-argileux,139.75,63765.625,58.375,39.75,51.125,2.375,variete_B,10.2,13.8,0.0556706290167049
Poli,2023,1295.0,164545.5,848.4,12544.75,28.3375,6.675,1.4475,101.625,limono-argileux,136.5,67970.25,57.125,42.125,56.5,2.25,variete_A,9.9,13.2,0.0505050505050505
Homé,2023,1348.0,164545.5,848.4,12544.75,28.3375,6.675,1.4475,101.625,limono-argileux,136.5,67970.25,57.125,42.125,56.5,2.25,variete_A,10.2,13.8,0.0505050505050505
Poli,2024,1515.0,166339.5,820.2,12613.0,28.0125,6.75,1.68625,105.9125,limono-argileux,139.25,63642.875,54.25,38.875,46.75,1.875,variete_A,9.9,13.2,0.0505050505050505
Homé,2024,1600.0,166339.5,820.2,12613.0,28.0125,6.75,1.68625,105.9125,limono-argileux,139.25,63642.875,54.25,38.875,46.75,1.875,variete_A,10.2,13.8,0.0505050505050505
Poli,2025,1430.0,171657.25,860.0,12926.875,27.8625,6.5875,1.55625,107.9125,argileux,142.75,67092.5,59.0,43.25,52.25,2.875,variete_A,9.9,13.2,0.0505050505050505
Homé,2025,1412.0,171657.25,860.0,12926.875,27.8625,6.5875,1.55625,107.9125,argileux,142.75,67092.5,59.0,43.25,52.25,2.875,variete_A,10.2,13.8,0.0505050505050505
Poli,2026,1340.5,169716.625,836.1,12257.8125,28.6625,6.6375,1.57875,104.9,argileux,140.625,66103.125,54.75,35.875,45.375,2.875,variete_A,9.9,13.2,0.0505050505050505
Homé,2026,1441.75,169716.625,836.1,12257.8125,28.6625,6.6375,1.57875,104.9,argileux,140.625,66103.125,54.75,35.875,45.375,2.875,variete_A,10.2,13.8,0.0505050505050505
